o_zone_id,d_zone_id,accessibility,distance,geometry
1,,2,,N/A,N/A,"LINESTRING (-111.92689385000001 33.4318588, -111.9414 33.42342175)"
1,,3,,N/A,N/A,"LINESTRING (-111.92689385000001 33.4318588, -111.9414 33.426982100000004)"
1,,4,,N/A,N/A,"LINESTRING (-111.92689385000001 33.4318588, -111.9413038 33.4182829)"
1,,5,,N/A,N/A,"LINESTRING (-111.92689385000001 33.4318588, -111.92838065 33.42675425)"
1,,6,,N/A,N/A,"LINESTRING (-111.92689385000001 33.4318588, -111.9268 33.421724)"
1,,7,,N/A,N/A,"LINESTRING (-111.92689385000001 33.4318588, -111.93729125 33.413450000000005)"
1,,8,,N/A,N/A,"LINESTRING (-111.92689385000001 33.4318588, -111.937816 33.42150770000001)"
1,,9,,N/A,N/A,"LINESTRING (-111.92689385000001 33.4318588, -111.93261035 33.4184807)"
1,,10,,N/A,N/A,"LINESTRING (-111.92689385000001 33.4318588, -111.93158275 33.413450000000005)"
1,,11,,N/A,N/A,"LINESTRING (-111.92689385000001 33.4318588, -111.93757765 33.41757075)"
1,,12,,N/A,N/A,"LINESTRING (-111.92689385000001 33.4318588, -111.9387148 33.43225)"
1,,13,,N/A,N/A,"LINESTRING (-111.92689385000001 33.4318588, -111.93698955 33.426641950000004)"
1,,14,,N/A,N/A,"LINESTRING (-111.92689385000001 33.4318588, -111.93277995000001 33.421400500000004)"
1,,15,,N/A,N/A,"LINESTRING (-111.92689385000001 33.4318588, -111.92699160000001 33.413596500000004)"
1,,16,,N/A,N/A,"LINESTRING (-111.92689385000001 33.4318588, -111.9268972 33.4180411)"
1,,17,,N/A,N/A,"LINESTRING (-111.92689385000001 33.4318588, -111.93232855000001 33.4280852)"
1,,18,,N/A,N/A,"LINESTRING (-111.92689385000001 33.4318588, -111.93374765 33.43225)"
1,,19,,N/A,N/A,"LINESTRING (-111.92689385000001 33.4318588, -111.9413012 33.43225)"
2,,1,,N/A,N/A,"LINESTRING (-111.9414 33.42342175, -111.92689385000001 33.4318588)"
2,,3,,N/A,N/A,"LINESTRING (-111.9414 33.42342175, -111.9414 33.426982100000004)"
2,,4,,N/A,N/A,"LINESTRING (-111.9414 33.42342175, -111.9413038 33.4182829)"
2,,5,,N/A,N/A,"LINESTRING (-111.9414 33.42342175, -111.92838065 33.42675425)"
2,,6,,N/A,N/A,"LINESTRING (-111.9414 33.42342175, -111.9268 33.421724)"
2,,7,,N/A,N/A,"LINESTRING (-111.9414 33.42342175, -111.93729125 33.413450000000005)"
2,,8,,N/A,N/A,"LINESTRING (-111.9414 33.42342175, -111.937816 33.42150770000001)"
2,,9,,N/A,N/A,"LINESTRING (-111.9414 33.42342175, -111.93261035 33.4184807)"
2,,10,,N/A,N/A,"LINESTRING (-111.9414 33.42342175, -111.93158275 33.413450000000005)"
2,,11,,N/A,N/A,"LINESTRING (-111.9414 33.42342175, -111.93757765 33.41757075)"
2,,12,,N/A,N/A,"LINESTRING (-111.9414 33.42342175, -111.9387148 33.43225)"
2,,13,,N/A,N/A,"LINESTRING (-111.9414 33.42342175, -111.93698955 33.426641950000004)"
2,,14,,N/A,N/A,"LINESTRING (-111.9414 33.42342175, -111.93277995000001 33.421400500000004)"
2,,15,,N/A,N/A,"LINESTRING (-111.9414 33.42342175, -111.92699160000001 33.413596500000004)"
2,,16,,N/A,N/A,"LINESTRING (-111.9414 33.42342175, -111.9268972 33.4180411)"
2,,17,,N/A,N/A,"LINESTRING (-111.9414 33.42342175, -111.93232855000001 33.4280852)"
2,,18,,N/A,N/A,"LINESTRING (-111.9414 33.42342175, -111.93374765 33.43225)"
2,,19,,N/A,N/A,"LINESTRING (-111.9414 33.42342175, -111.9413012 33.43225)"
3,,1,,N/A,N/A,"LINESTRING (-111.9414 33.426982100000004, -111.92689385000001 33.4318588)"
3,,2,,N/A,N/A,"LINESTRING (-111.9414 33.426982100000004, -111.9414 33.42342175)"
3,,4,,N/A,N/A,"LINESTRING (-111.9414 33.426982100000004, -111.9413038 33.4182829)"
3,,5,,N/A,N/A,"LINESTRING (-111.9414 33.426982100000004, -111.92838065 33.42675425)"
3,,6,,N/A,N/A,"LINESTRING (-111.9414 33.426982100000004, -111.9268 33.421724)"
3,,7,,N/A,N/A,"LINESTRING (-111.9414 33.426982100000004, -111.93729125 33.413450000000005)"
3,,8,,N/A,N/A,"LINESTRING (-111.9414 33.426982100000004, -111.937816 33.42150770000001)"
3,,9,,N/A,N/A,"LINESTRING (-111.9414 33.426982100000004, -111.93261035 33.4184807)"
3,,10,,N/A,N/A,"LINESTRING (-111.9414 33.426982100000004, -111.93158275 33.413450000000005)"
3,,11,,N/A,N/A,"LINESTRING (-111.9414 33.426982100000004, -111.93757765 33.41757075)"
3,,12,,N/A,N/A,"LINESTRING (-111.9414 33.426982100000004, -111.9387148 33.43225)"
3,,13,,N/A,N/A,"LINESTRING (-111.9414 33.426982100000004, -111.93698955 33.426641950000004)"
3,,14,,N/A,N/A,"LINESTRING (-111.9414 33.426982100000004, -111.93277995000001 33.421400500000004)"
3,,15,,N/A,N/A,"LINESTRING (-111.9414 33.426982100000004, -111.92699160000001 33.413596500000004)"
3,,16,,N/A,N/A,"LINESTRING (-111.9414 33.426982100000004, -111.9268972 33.4180411)"
3,,17,,N/A,N/A,"LINESTRING (-111.9414 33.426982100000004, -111.93232855000001 33.4280852)"
3,,18,,N/A,N/A,"LINESTRING (-111.9414 33.426982100000004, -111.93374765 33.43225)"
3,,19,,N/A,N/A,"LINESTRING (-111.9414 33.426982100000004, -111.9413012 33.43225)"
4,,1,,N/A,N/A,"LINESTRING (-111.9413038 33.4182829, -111.92689385000001 33.4318588)"
4,,2,,N/A,N/A,"LINESTRING (-111.9413038 33.4182829, -111.9414 33.42342175)"
4,,3,,N/A,N/A,"LINESTRING (-111.9413038 33.4182829, -111.9414 33.426982100000004)"
4,,5,,N/A,N/A,"LINESTRING (-111.9413038 33.4182829, -111.92838065 33.42675425)"
4,,6,,N/A,N/A,"LINESTRING (-111.9413038 33.4182829, -111.9268 33.421724)"
4,,7,,N/A,N/A,"LINESTRING (-111.9413038 33.4182829, -111.93729125 33.413450000000005)"
4,,8,,N/A,N/A,"LINESTRING (-111.9413038 33.4182829, -111.937816 33.42150770000001)"
4,,9,,N/A,N/A,"LINESTRING (-111.9413038 33.4182829, -111.93261035 33.4184807)"
4,,10,,N/A,N/A,"LINESTRING (-111.9413038 33.4182829, -111.93158275 33.413450000000005)"
4,,11,,N/A,N/A,"LINESTRING (-111.9413038 33.4182829, -111.93757765 33.41757075)"
4,,12,,N/A,N/A,"LINESTRING (-111.9413038 33.4182829, -111.9387148 33.43225)"
4,,13,,N/A,N/A,"LINESTRING (-111.9413038 33.4182829, -111.93698955 33.426641950000004)"
4,,14,,N/A,N/A,"LINESTRING (-111.9413038 33.4182829, -111.93277995000001 33.421400500000004)"
4,,15,,N/A,N/A,"LINESTRING (-111.9413038 33.4182829, -111.92699160000001 33.413596500000004)"
4,,16,,N/A,N/A,"LINESTRING (-111.9413038 33.4182829, -111.9268972 33.4180411)"
4,,17,,N/A,N/A,"LINESTRING (-111.9413038 33.4182829, -111.93232855000001 33.4280852)"
4,,18,,N/A,N/A,"LINESTRING (-111.9413038 33.4182829, -111.93374765 33.43225)"
4,,19,,N/A,N/A,"LINESTRING (-111.9413038 33.4182829, -111.9413012 33.43225)"
5,,1,,N/A,N/A,"LINESTRING (-111.92838065 33.42675425, -111.92689385000001 33.4318588)"
5,,2,,N/A,N/A,"LINESTRING (-111.92838065 33.42675425, -111.9414 33.42342175)"
5,,3,,N/A,N/A,"LINESTRING (-111.92838065 33.42675425, -111.9414 33.426982100000004)"
5,,4,,N/A,N/A,"LINESTRING (-111.92838065 33.42675425, -111.9413038 33.4182829)"
5,,6,,N/A,N/A,"LINESTRING (-111.92838065 33.42675425, -111.9268 33.421724)"
5,,7,,N/A,N/A,"LINESTRING (-111.92838065 33.42675425, -111.93729125 33.413450000000005)"
5,,8,,N/A,N/A,"LINESTRING (-111.92838065 33.42675425, -111.937816 33.42150770000001)"
5,,9,,N/A,N/A,"LINESTRING (-111.92838065 33.42675425, -111.93261035 33.4184807)"
5,,10,,N/A,N/A,"LINESTRING (-111.92838065 33.42675425, -111.93158275 33.413450000000005)"
5,,11,,N/A,N/A,"LINESTRING (-111.92838065 33.42675425, -111.93757765 33.41757075)"
5,,12,,N/A,N/A,"LINESTRING (-111.92838065 33.42675425, -111.9387148 33.43225)"
5,,13,,N/A,N/A,"LINESTRING (-111.92838065 33.42675425, -111.93698955 33.426641950000004)"
5,,14,,N/A,N/A,"LINESTRING (-111.92838065 33.42675425, -111.93277995000001 33.421400500000004)"
5,,15,,N/A,N/A,"LINESTRING (-111.92838065 33.42675425, -111.92699160000001 33.413596500000004)"
5,,16,,N/A,N/A,"LINESTRING (-111.92838065 33.42675425, -111.9268972 33.4180411)"
5,,17,,N/A,N/A,"LINESTRING (-111.92838065 33.42675425, -111.93232855000001 33.4280852)"
5,,18,,N/A,N/A,"LINESTRING (-111.92838065 33.42675425, -111.93374765 33.43225)"
5,,19,,N/A,N/A,"LINESTRING (-111.92838065 33.42675425, -111.9413012 33.43225)"
6,,1,,N/A,N/A,"LINESTRING (-111.9268 33.421724, -111.92689385000001 33.4318588)"
6,,2,,N/A,N/A,"LINESTRING (-111.9268 33.421724, -111.9414 33.42342175)"
6,,3,,N/A,N/A,"LINESTRING (-111.9268 33.421724, -111.9414 33.426982100000004)"
6,,4,,N/A,N/A,"LINESTRING (-111.9268 33.421724, -111.9413038 33.4182829)"
6,,5,,N/A,N/A,"LINESTRING (-111.9268 33.421724, -111.92838065 33.42675425)"
6,,7,,N/A,N/A,"LINESTRING (-111.9268 33.421724, -111.93729125 33.413450000000005)"
6,,8,,N/A,N/A,"LINESTRING (-111.9268 33.421724, -111.937816 33.42150770000001)"
6,,9,,N/A,N/A,"LINESTRING (-111.9268 33.421724, -111.93261035 33.4184807)"
6,,10,,N/A,N/A,"LINESTRING (-111.9268 33.421724, -111.93158275 33.413450000000005)"
6,,11,,N/A,N/A,"LINESTRING (-111.9268 33.421724, -111.93757765 33.41757075)"
6,,12,,N/A,N/A,"LINESTRING (-111.9268 33.421724, -111.9387148 33.43225)"
6,,13,,N/A,N/A,"LINESTRING (-111.9268 33.421724, -111.93698955 33.426641950000004)"
6,,14,,N/A,N/A,"LINESTRING (-111.9268 33.421724, -111.93277995000001 33.421400500000004)"
6,,15,,N/A,N/A,"LINESTRING (-111.9268 33.421724, -111.92699160000001 33.413596500000004)"
6,,16,,N/A,N/A,"LINESTRING (-111.9268 33.421724, -111.9268972 33.4180411)"
6,,17,,N/A,N/A,"LINESTRING (-111.9268 33.421724, -111.93232855000001 33.4280852)"
6,,18,,N/A,N/A,"LINESTRING (-111.9268 33.421724, -111.93374765 33.43225)"
6,,19,,N/A,N/A,"LINESTRING (-111.9268 33.421724, -111.9413012 33.43225)"
7,,1,,N/A,N/A,"LINESTRING (-111.93729125 33.413450000000005, -111.92689385000001 33.4318588)"
7,,2,,N/A,N/A,"LINESTRING (-111.93729125 33.413450000000005, -111.9414 33.42342175)"
7,,3,,N/A,N/A,"LINESTRING (-111.93729125 33.413450000000005, -111.9414 33.426982100000004)"
7,,4,,N/A,N/A,"LINESTRING (-111.93729125 33.413450000000005, -111.9413038 33.4182829)"
7,,5,,N/A,N/A,"LINESTRING (-111.93729125 33.413450000000005, -111.92838065 33.42675425)"
7,,6,,N/A,N/A,"LINESTRING (-111.93729125 33.413450000000005, -111.9268 33.421724)"
7,,8,,N/A,N/A,"LINESTRING (-111.93729125 33.413450000000005, -111.937816 33.42150770000001)"
7,,9,,N/A,N/A,"LINESTRING (-111.93729125 33.413450000000005, -111.93261035 33.4184807)"
7,,10,,N/A,N/A,"LINESTRING (-111.93729125 33.413450000000005, -111.93158275 33.413450000000005)"
7,,11,,N/A,N/A,"LINESTRING (-111.93729125 33.413450000000005, -111.93757765 33.41757075)"
7,,12,,N/A,N/A,"LINESTRING (-111.93729125 33.413450000000005, -111.9387148 33.43225)"
7,,13,,N/A,N/A,"LINESTRING (-111.93729125 33.413450000000005, -111.93698955 33.426641950000004)"
7,,14,,N/A,N/A,"LINESTRING (-111.93729125 33.413450000000005, -111.93277995000001 33.421400500000004)"
7,,15,,N/A,N/A,"LINESTRING (-111.93729125 33.413450000000005, -111.92699160000001 33.413596500000004)"
7,,16,,N/A,N/A,"LINESTRING (-111.93729125 33.413450000000005, -111.9268972 33.4180411)"
7,,17,,N/A,N/A,"LINESTRING (-111.93729125 33.413450000000005, -111.93232855000001 33.4280852)"
7,,18,,N/A,N/A,"LINESTRING (-111.93729125 33.413450000000005, -111.93374765 33.43225)"
7,,19,,N/A,N/A,"LINESTRING (-111.93729125 33.413450000000005, -111.9413012 33.43225)"
8,,1,,N/A,N/A,"LINESTRING (-111.937816 33.42150770000001, -111.92689385000001 33.4318588)"
8,,2,,N/A,N/A,"LINESTRING (-111.937816 33.42150770000001, -111.9414 33.42342175)"
8,,3,,N/A,N/A,"LINESTRING (-111.937816 33.42150770000001, -111.9414 33.426982100000004)"
8,,4,,N/A,N/A,"LINESTRING (-111.937816 33.42150770000001, -111.9413038 33.4182829)"
8,,5,,N/A,N/A,"LINESTRING (-111.937816 33.42150770000001, -111.92838065 33.42675425)"
8,,6,,N/A,N/A,"LINESTRING (-111.937816 33.42150770000001, -111.9268 33.421724)"
8,,7,,N/A,N/A,"LINESTRING (-111.937816 33.42150770000001, -111.93729125 33.413450000000005)"
8,,9,,N/A,N/A,"LINESTRING (-111.937816 33.42150770000001, -111.93261035 33.4184807)"
8,,10,,N/A,N/A,"LINESTRING (-111.937816 33.42150770000001, -111.93158275 33.413450000000005)"
8,,11,,N/A,N/A,"LINESTRING (-111.937816 33.42150770000001, -111.93757765 33.41757075)"
8,,12,,N/A,N/A,"LINESTRING (-111.937816 33.42150770000001, -111.9387148 33.43225)"
8,,13,,N/A,N/A,"LINESTRING (-111.937816 33.42150770000001, -111.93698955 33.426641950000004)"
8,,14,,N/A,N/A,"LINESTRING (-111.937816 33.42150770000001, -111.93277995000001 33.421400500000004)"
8,,15,,N/A,N/A,"LINESTRING (-111.937816 33.42150770000001, -111.92699160000001 33.413596500000004)"
8,,16,,N/A,N/A,"LINESTRING (-111.937816 33.42150770000001, -111.9268972 33.4180411)"
8,,17,,N/A,N/A,"LINESTRING (-111.937816 33.42150770000001, -111.93232855000001 33.4280852)"
8,,18,,N/A,N/A,"LINESTRING (-111.937816 33.42150770000001, -111.93374765 33.43225)"
8,,19,,N/A,N/A,"LINESTRING (-111.937816 33.42150770000001, -111.9413012 33.43225)"
9,,1,,N/A,N/A,"LINESTRING (-111.93261035 33.4184807, -111.92689385000001 33.4318588)"
9,,2,,N/A,N/A,"LINESTRING (-111.93261035 33.4184807, -111.9414 33.42342175)"
9,,3,,N/A,N/A,"LINESTRING (-111.93261035 33.4184807, -111.9414 33.426982100000004)"
9,,4,,N/A,N/A,"LINESTRING (-111.93261035 33.4184807, -111.9413038 33.4182829)"
9,,5,,N/A,N/A,"LINESTRING (-111.93261035 33.4184807, -111.92838065 33.42675425)"
9,,6,,N/A,N/A,"LINESTRING (-111.93261035 33.4184807, -111.9268 33.421724)"
9,,7,,N/A,N/A,"LINESTRING (-111.93261035 33.4184807, -111.93729125 33.413450000000005)"
9,,8,,N/A,N/A,"LINESTRING (-111.93261035 33.4184807, -111.937816 33.42150770000001)"
9,,10,,N/A,N/A,"LINESTRING (-111.93261035 33.4184807, -111.93158275 33.413450000000005)"
9,,11,,N/A,N/A,"LINESTRING (-111.93261035 33.4184807, -111.93757765 33.41757075)"
9,,12,,N/A,N/A,"LINESTRING (-111.93261035 33.4184807, -111.9387148 33.43225)"
9,,13,,N/A,N/A,"LINESTRING (-111.93261035 33.4184807, -111.93698955 33.426641950000004)"
9,,14,,N/A,N/A,"LINESTRING (-111.93261035 33.4184807, -111.93277995000001 33.421400500000004)"
9,,15,,N/A,N/A,"LINESTRING (-111.93261035 33.4184807, -111.92699160000001 33.413596500000004)"
9,,16,,N/A,N/A,"LINESTRING (-111.93261035 33.4184807, -111.9268972 33.4180411)"
9,,17,,N/A,N/A,"LINESTRING (-111.93261035 33.4184807, -111.93232855000001 33.4280852)"
9,,18,,N/A,N/A,"LINESTRING (-111.93261035 33.4184807, -111.93374765 33.43225)"
9,,19,,N/A,N/A,"LINESTRING (-111.93261035 33.4184807, -111.9413012 33.43225)"
10,,1,,N/A,N/A,"LINESTRING (-111.93158275 33.413450000000005, -111.92689385000001 33.4318588)"
10,,2,,N/A,N/A,"LINESTRING (-111.93158275 33.413450000000005, -111.9414 33.42342175)"
10,,3,,N/A,N/A,"LINESTRING (-111.93158275 33.413450000000005, -111.9414 33.426982100000004)"
10,,4,,N/A,N/A,"LINESTRING (-111.93158275 33.413450000000005, -111.9413038 33.4182829)"
10,,5,,N/A,N/A,"LINESTRING (-111.93158275 33.413450000000005, -111.92838065 33.42675425)"
10,,6,,N/A,N/A,"LINESTRING (-111.93158275 33.413450000000005, -111.9268 33.421724)"
10,,7,,N/A,N/A,"LINESTRING (-111.93158275 33.413450000000005, -111.93729125 33.413450000000005)"
10,,8,,N/A,N/A,"LINESTRING (-111.93158275 33.413450000000005, -111.937816 33.42150770000001)"
10,,9,,N/A,N/A,"LINESTRING (-111.93158275 33.413450000000005, -111.93261035 33.4184807)"
10,,11,,N/A,N/A,"LINESTRING (-111.93158275 33.413450000000005, -111.93757765 33.41757075)"
10,,12,,N/A,N/A,"LINESTRING (-111.93158275 33.413450000000005, -111.9387148 33.43225)"
10,,13,,N/A,N/A,"LINESTRING (-111.93158275 33.413450000000005, -111.93698955 33.426641950000004)"
10,,14,,N/A,N/A,"LINESTRING (-111.93158275 33.413450000000005, -111.93277995000001 33.421400500000004)"
10,,15,,N/A,N/A,"LINESTRING (-111.93158275 33.413450000000005, -111.92699160000001 33.413596500000004)"
10,,16,,N/A,N/A,"LINESTRING (-111.93158275 33.413450000000005, -111.9268972 33.4180411)"
10,,17,,N/A,N/A,"LINESTRING (-111.93158275 33.413450000000005, -111.93232855000001 33.4280852)"
10,,18,,N/A,N/A,"LINESTRING (-111.93158275 33.413450000000005, -111.93374765 33.43225)"
10,,19,,N/A,N/A,"LINESTRING (-111.93158275 33.413450000000005, -111.9413012 33.43225)"
11,,1,,N/A,N/A,"LINESTRING (-111.93757765 33.41757075, -111.92689385000001 33.4318588)"
11,,2,,N/A,N/A,"LINESTRING (-111.93757765 33.41757075, -111.9414 33.42342175)"
11,,3,,N/A,N/A,"LINESTRING (-111.93757765 33.41757075, -111.9414 33.426982100000004)"
11,,4,,N/A,N/A,"LINESTRING (-111.93757765 33.41757075, -111.9413038 33.4182829)"
11,,5,,N/A,N/A,"LINESTRING (-111.93757765 33.41757075, -111.92838065 33.42675425)"
11,,6,,N/A,N/A,"LINESTRING (-111.93757765 33.41757075, -111.9268 33.421724)"
11,,7,,N/A,N/A,"LINESTRING (-111.93757765 33.41757075, -111.93729125 33.413450000000005)"
11,,8,,N/A,N/A,"LINESTRING (-111.93757765 33.41757075, -111.937816 33.42150770000001)"
11,,9,,N/A,N/A,"LINESTRING (-111.93757765 33.41757075, -111.93261035 33.4184807)"
11,,10,,N/A,N/A,"LINESTRING (-111.93757765 33.41757075, -111.93158275 33.413450000000005)"
11,,12,,N/A,N/A,"LINESTRING (-111.93757765 33.41757075, -111.9387148 33.43225)"
11,,13,,N/A,N/A,"LINESTRING (-111.93757765 33.41757075, -111.93698955 33.426641950000004)"
11,,14,,N/A,N/A,"LINESTRING (-111.93757765 33.41757075, -111.93277995000001 33.421400500000004)"
11,,15,,N/A,N/A,"LINESTRING (-111.93757765 33.41757075, -111.92699160000001 33.413596500000004)"
11,,16,,N/A,N/A,"LINESTRING (-111.93757765 33.41757075, -111.9268972 33.4180411)"
11,,17,,N/A,N/A,"LINESTRING (-111.93757765 33.41757075, -111.93232855000001 33.4280852)"
11,,18,,N/A,N/A,"LINESTRING (-111.93757765 33.41757075, -111.93374765 33.43225)"
11,,19,,N/A,N/A,"LINESTRING (-111.93757765 33.41757075, -111.9413012 33.43225)"
12,,1,,N/A,N/A,"LINESTRING (-111.9387148 33.43225, -111.92689385000001 33.4318588)"
12,,2,,N/A,N/A,"LINESTRING (-111.9387148 33.43225, -111.9414 33.42342175)"
12,,3,,N/A,N/A,"LINESTRING (-111.9387148 33.43225, -111.9414 33.426982100000004)"
12,,4,,N/A,N/A,"LINESTRING (-111.9387148 33.43225, -111.9413038 33.4182829)"
12,,5,,N/A,N/A,"LINESTRING (-111.9387148 33.43225, -111.92838065 33.42675425)"
12,,6,,N/A,N/A,"LINESTRING (-111.9387148 33.43225, -111.9268 33.421724)"
12,,7,,N/A,N/A,"LINESTRING (-111.9387148 33.43225, -111.93729125 33.413450000000005)"
12,,8,,N/A,N/A,"LINESTRING (-111.9387148 33.43225, -111.937816 33.42150770000001)"
12,,9,,N/A,N/A,"LINESTRING (-111.9387148 33.43225, -111.93261035 33.4184807)"
12,,10,,N/A,N/A,"LINESTRING (-111.9387148 33.43225, -111.93158275 33.413450000000005)"
12,,11,,N/A,N/A,"LINESTRING (-111.9387148 33.43225, -111.93757765 33.41757075)"
12,,13,,N/A,N/A,"LINESTRING (-111.9387148 33.43225, -111.93698955 33.426641950000004)"
12,,14,,N/A,N/A,"LINESTRING (-111.9387148 33.43225, -111.93277995000001 33.421400500000004)"
12,,15,,N/A,N/A,"LINESTRING (-111.9387148 33.43225, -111.92699160000001 33.413596500000004)"
12,,16,,N/A,N/A,"LINESTRING (-111.9387148 33.43225, -111.9268972 33.4180411)"
12,,17,,N/A,N/A,"LINESTRING (-111.9387148 33.43225, -111.93232855000001 33.4280852)"
12,,18,,N/A,N/A,"LINESTRING (-111.9387148 33.43225, -111.93374765 33.43225)"
12,,19,,N/A,N/A,"LINESTRING (-111.9387148 33.43225, -111.9413012 33.43225)"
13,,1,,N/A,N/A,"LINESTRING (-111.93698955 33.426641950000004, -111.92689385000001 33.4318588)"
13,,2,,N/A,N/A,"LINESTRING (-111.93698955 33.426641950000004, -111.9414 33.42342175)"
13,,3,,N/A,N/A,"LINESTRING (-111.93698955 33.426641950000004, -111.9414 33.426982100000004)"
13,,4,,N/A,N/A,"LINESTRING (-111.93698955 33.426641950000004, -111.9413038 33.4182829)"
13,,5,,N/A,N/A,"LINESTRING (-111.93698955 33.426641950000004, -111.92838065 33.42675425)"
13,,6,,N/A,N/A,"LINESTRING (-111.93698955 33.426641950000004, -111.9268 33.421724)"
13,,7,,N/A,N/A,"LINESTRING (-111.93698955 33.426641950000004, -111.93729125 33.413450000000005)"
13,,8,,N/A,N/A,"LINESTRING (-111.93698955 33.426641950000004, -111.937816 33.42150770000001)"
13,,9,,N/A,N/A,"LINESTRING (-111.93698955 33.426641950000004, -111.93261035 33.4184807)"
13,,10,,N/A,N/A,"LINESTRING (-111.93698955 33.426641950000004, -111.93158275 33.413450000000005)"
13,,11,,N/A,N/A,"LINESTRING (-111.93698955 33.426641950000004, -111.93757765 33.41757075)"
13,,12,,N/A,N/A,"LINESTRING (-111.93698955 33.426641950000004, -111.9387148 33.43225)"
13,,14,,N/A,N/A,"LINESTRING (-111.93698955 33.426641950000004, -111.93277995000001 33.421400500000004)"
13,,15,,N/A,N/A,"LINESTRING (-111.93698955 33.426641950000004, -111.92699160000001 33.413596500000004)"
13,,16,,N/A,N/A,"LINESTRING (-111.93698955 33.426641950000004, -111.9268972 33.4180411)"
13,,17,,N/A,N/A,"LINESTRING (-111.93698955 33.426641950000004, -111.93232855000001 33.4280852)"
13,,18,,N/A,N/A,"LINESTRING (-111.93698955 33.426641950000004, -111.93374765 33.43225)"
13,,19,,N/A,N/A,"LINESTRING (-111.93698955 33.426641950000004, -111.9413012 33.43225)"
14,,1,,N/A,N/A,"LINESTRING (-111.93277995000001 33.421400500000004, -111.92689385000001 33.4318588)"
14,,2,,N/A,N/A,"LINESTRING (-111.93277995000001 33.421400500000004, -111.9414 33.42342175)"
14,,3,,N/A,N/A,"LINESTRING (-111.93277995000001 33.421400500000004, -111.9414 33.426982100000004)"
14,,4,,N/A,N/A,"LINESTRING (-111.93277995000001 33.421400500000004, -111.9413038 33.4182829)"
14,,5,,N/A,N/A,"LINESTRING (-111.93277995000001 33.421400500000004, -111.92838065 33.42675425)"
14,,6,,N/A,N/A,"LINESTRING (-111.93277995000001 33.421400500000004, -111.9268 33.421724)"
14,,7,,N/A,N/A,"LINESTRING (-111.93277995000001 33.421400500000004, -111.93729125 33.413450000000005)"
14,,8,,N/A,N/A,"LINESTRING (-111.93277995000001 33.421400500000004, -111.937816 33.42150770000001)"
14,,9,,N/A,N/A,"LINESTRING (-111.93277995000001 33.421400500000004, -111.93261035 33.4184807)"
14,,10,,N/A,N/A,"LINESTRING (-111.93277995000001 33.421400500000004, -111.93158275 33.413450000000005)"
14,,11,,N/A,N/A,"LINESTRING (-111.93277995000001 33.421400500000004, -111.93757765 33.41757075)"
14,,12,,N/A,N/A,"LINESTRING (-111.93277995000001 33.421400500000004, -111.9387148 33.43225)"
14,,13,,N/A,N/A,"LINESTRING (-111.93277995000001 33.421400500000004, -111.93698955 33.426641950000004)"
14,,15,,N/A,N/A,"LINESTRING (-111.93277995000001 33.421400500000004, -111.92699160000001 33.413596500000004)"
14,,16,,N/A,N/A,"LINESTRING (-111.93277995000001 33.421400500000004, -111.9268972 33.4180411)"
14,,17,,N/A,N/A,"LINESTRING (-111.93277995000001 33.421400500000004, -111.93232855000001 33.4280852)"
14,,18,,N/A,N/A,"LINESTRING (-111.93277995000001 33.421400500000004, -111.93374765 33.43225)"
14,,19,,N/A,N/A,"LINESTRING (-111.93277995000001 33.421400500000004, -111.9413012 33.43225)"
15,,1,,N/A,N/A,"LINESTRING (-111.92699160000001 33.413596500000004, -111.92689385000001 33.4318588)"
15,,2,,N/A,N/A,"LINESTRING (-111.92699160000001 33.413596500000004, -111.9414 33.42342175)"
15,,3,,N/A,N/A,"LINESTRING (-111.92699160000001 33.413596500000004, -111.9414 33.426982100000004)"
15,,4,,N/A,N/A,"LINESTRING (-111.92699160000001 33.413596500000004, -111.9413038 33.4182829)"
15,,5,,N/A,N/A,"LINESTRING (-111.92699160000001 33.413596500000004, -111.92838065 33.42675425)"
15,,6,,N/A,N/A,"LINESTRING (-111.92699160000001 33.413596500000004, -111.9268 33.421724)"
15,,7,,N/A,N/A,"LINESTRING (-111.92699160000001 33.413596500000004, -111.93729125 33.413450000000005)"
15,,8,,N/A,N/A,"LINESTRING (-111.92699160000001 33.413596500000004, -111.937816 33.42150770000001)"
15,,9,,N/A,N/A,"LINESTRING (-111.92699160000001 33.413596500000004, -111.93261035 33.4184807)"
15,,10,,N/A,N/A,"LINESTRING (-111.92699160000001 33.413596500000004, -111.93158275 33.413450000000005)"
15,,11,,N/A,N/A,"LINESTRING (-111.92699160000001 33.413596500000004, -111.93757765 33.41757075)"
15,,12,,N/A,N/A,"LINESTRING (-111.92699160000001 33.413596500000004, -111.9387148 33.43225)"
15,,13,,N/A,N/A,"LINESTRING (-111.92699160000001 33.413596500000004, -111.93698955 33.426641950000004)"
15,,14,,N/A,N/A,"LINESTRING (-111.92699160000001 33.413596500000004, -111.93277995000001 33.421400500000004)"
15,,16,,N/A,N/A,"LINESTRING (-111.92699160000001 33.413596500000004, -111.9268972 33.4180411)"
15,,17,,N/A,N/A,"LINESTRING (-111.92699160000001 33.413596500000004, -111.93232855000001 33.4280852)"
15,,18,,N/A,N/A,"LINESTRING (-111.92699160000001 33.413596500000004, -111.93374765 33.43225)"
15,,19,,N/A,N/A,"LINESTRING (-111.92699160000001 33.413596500000004, -111.9413012 33.43225)"
16,,1,,N/A,N/A,"LINESTRING (-111.9268972 33.4180411, -111.92689385000001 33.4318588)"
16,,2,,N/A,N/A,"LINESTRING (-111.9268972 33.4180411, -111.9414 33.42342175)"
16,,3,,N/A,N/A,"LINESTRING (-111.9268972 33.4180411, -111.9414 33.426982100000004)"
16,,4,,N/A,N/A,"LINESTRING (-111.9268972 33.4180411, -111.9413038 33.4182829)"
16,,5,,N/A,N/A,"LINESTRING (-111.9268972 33.4180411, -111.92838065 33.42675425)"
16,,6,,N/A,N/A,"LINESTRING (-111.9268972 33.4180411, -111.9268 33.421724)"
16,,7,,N/A,N/A,"LINESTRING (-111.9268972 33.4180411, -111.93729125 33.413450000000005)"
16,,8,,N/A,N/A,"LINESTRING (-111.9268972 33.4180411, -111.937816 33.42150770000001)"
16,,9,,N/A,N/A,"LINESTRING (-111.9268972 33.4180411, -111.93261035 33.4184807)"
16,,10,,N/A,N/A,"LINESTRING (-111.9268972 33.4180411, -111.93158275 33.413450000000005)"
16,,11,,N/A,N/A,"LINESTRING (-111.9268972 33.4180411, -111.93757765 33.41757075)"
16,,12,,N/A,N/A,"LINESTRING (-111.9268972 33.4180411, -111.9387148 33.43225)"
16,,13,,N/A,N/A,"LINESTRING (-111.9268972 33.4180411, -111.93698955 33.426641950000004)"
16,,14,,N/A,N/A,"LINESTRING (-111.9268972 33.4180411, -111.93277995000001 33.421400500000004)"
16,,15,,N/A,N/A,"LINESTRING (-111.9268972 33.4180411, -111.92699160000001 33.413596500000004)"
16,,17,,N/A,N/A,"LINESTRING (-111.9268972 33.4180411, -111.93232855000001 33.4280852)"
16,,18,,N/A,N/A,"LINESTRING (-111.9268972 33.4180411, -111.93374765 33.43225)"
16,,19,,N/A,N/A,"LINESTRING (-111.9268972 33.4180411, -111.9413012 33.43225)"
17,,1,,N/A,N/A,"LINESTRING (-111.93232855000001 33.4280852, -111.92689385000001 33.4318588)"
17,,2,,N/A,N/A,"LINESTRING (-111.93232855000001 33.4280852, -111.9414 33.42342175)"
17,,3,,N/A,N/A,"LINESTRING (-111.93232855000001 33.4280852, -111.9414 33.426982100000004)"
17,,4,,N/A,N/A,"LINESTRING (-111.93232855000001 33.4280852, -111.9413038 33.4182829)"
17,,5,,N/A,N/A,"LINESTRING (-111.93232855000001 33.4280852, -111.92838065 33.42675425)"
17,,6,,N/A,N/A,"LINESTRING (-111.93232855000001 33.4280852, -111.9268 33.421724)"
17,,7,,N/A,N/A,"LINESTRING (-111.93232855000001 33.4280852, -111.93729125 33.413450000000005)"
17,,8,,N/A,N/A,"LINESTRING (-111.93232855000001 33.4280852, -111.937816 33.42150770000001)"
17,,9,,N/A,N/A,"LINESTRING (-111.93232855000001 33.4280852, -111.93261035 33.4184807)"
17,,10,,N/A,N/A,"LINESTRING (-111.93232855000001 33.4280852, -111.93158275 33.413450000000005)"
17,,11,,N/A,N/A,"LINESTRING (-111.93232855000001 33.4280852, -111.93757765 33.41757075)"
17,,12,,N/A,N/A,"LINESTRING (-111.93232855000001 33.4280852, -111.9387148 33.43225)"
17,,13,,N/A,N/A,"LINESTRING (-111.93232855000001 33.4280852, -111.93698955 33.426641950000004)"
17,,14,,N/A,N/A,"LINESTRING (-111.93232855000001 33.4280852, -111.93277995000001 33.421400500000004)"
17,,15,,N/A,N/A,"LINESTRING (-111.93232855000001 33.4280852, -111.92699160000001 33.413596500000004)"
17,,16,,N/A,N/A,"LINESTRING (-111.93232855000001 33.4280852, -111.9268972 33.4180411)"
17,,18,,N/A,N/A,"LINESTRING (-111.93232855000001 33.4280852, -111.93374765 33.43225)"
17,,19,,N/A,N/A,"LINESTRING (-111.93232855000001 33.4280852, -111.9413012 33.43225)"
18,,1,,N/A,N/A,"LINESTRING (-111.93374765 33.43225, -111.92689385000001 33.4318588)"
18,,2,,N/A,N/A,"LINESTRING (-111.93374765 33.43225, -111.9414 33.42342175)"
18,,3,,N/A,N/A,"LINESTRING (-111.93374765 33.43225, -111.9414 33.426982100000004)"
18,,4,,N/A,N/A,"LINESTRING (-111.93374765 33.43225, -111.9413038 33.4182829)"
18,,5,,N/A,N/A,"LINESTRING (-111.93374765 33.43225, -111.92838065 33.42675425)"
18,,6,,N/A,N/A,"LINESTRING (-111.93374765 33.43225, -111.9268 33.421724)"
18,,7,,N/A,N/A,"LINESTRING (-111.93374765 33.43225, -111.93729125 33.413450000000005)"
18,,8,,N/A,N/A,"LINESTRING (-111.93374765 33.43225, -111.937816 33.42150770000001)"
18,,9,,N/A,N/A,"LINESTRING (-111.93374765 33.43225, -111.93261035 33.4184807)"
18,,10,,N/A,N/A,"LINESTRING (-111.93374765 33.43225, -111.93158275 33.413450000000005)"
18,,11,,N/A,N/A,"LINESTRING (-111.93374765 33.43225, -111.93757765 33.41757075)"
18,,12,,N/A,N/A,"LINESTRING (-111.93374765 33.43225, -111.9387148 33.43225)"
18,,13,,N/A,N/A,"LINESTRING (-111.93374765 33.43225, -111.93698955 33.426641950000004)"
18,,14,,N/A,N/A,"LINESTRING (-111.93374765 33.43225, -111.93277995000001 33.421400500000004)"
18,,15,,N/A,N/A,"LINESTRING (-111.93374765 33.43225, -111.92699160000001 33.413596500000004)"
18,,16,,N/A,N/A,"LINESTRING (-111.93374765 33.43225, -111.9268972 33.4180411)"
18,,17,,N/A,N/A,"LINESTRING (-111.93374765 33.43225, -111.93232855000001 33.4280852)"
18,,19,,N/A,N/A,"LINESTRING (-111.93374765 33.43225, -111.9413012 33.43225)"
19,,1,,N/A,N/A,"LINESTRING (-111.9413012 33.43225, -111.92689385000001 33.4318588)"
19,,2,,N/A,N/A,"LINESTRING (-111.9413012 33.43225, -111.9414 33.42342175)"
19,,3,,N/A,N/A,"LINESTRING (-111.9413012 33.43225, -111.9414 33.426982100000004)"
19,,4,,N/A,N/A,"LINESTRING (-111.9413012 33.43225, -111.9413038 33.4182829)"
19,,5,,N/A,N/A,"LINESTRING (-111.9413012 33.43225, -111.92838065 33.42675425)"
19,,6,,N/A,N/A,"LINESTRING (-111.9413012 33.43225, -111.9268 33.421724)"
19,,7,,N/A,N/A,"LINESTRING (-111.9413012 33.43225, -111.93729125 33.413450000000005)"
19,,8,,N/A,N/A,"LINESTRING (-111.9413012 33.43225, -111.937816 33.42150770000001)"
19,,9,,N/A,N/A,"LINESTRING (-111.9413012 33.43225, -111.93261035 33.4184807)"
19,,10,,N/A,N/A,"LINESTRING (-111.9413012 33.43225, -111.93158275 33.413450000000005)"
19,,11,,N/A,N/A,"LINESTRING (-111.9413012 33.43225, -111.93757765 33.41757075)"
19,,12,,N/A,N/A,"LINESTRING (-111.9413012 33.43225, -111.9387148 33.43225)"
19,,13,,N/A,N/A,"LINESTRING (-111.9413012 33.43225, -111.93698955 33.426641950000004)"
19,,14,,N/A,N/A,"LINESTRING (-111.9413012 33.43225, -111.93277995000001 33.421400500000004)"
19,,15,,N/A,N/A,"LINESTRING (-111.9413012 33.43225, -111.92699160000001 33.413596500000004)"
19,,16,,N/A,N/A,"LINESTRING (-111.9413012 33.43225, -111.9268972 33.4180411)"
19,,17,,N/A,N/A,"LINESTRING (-111.9413012 33.43225, -111.93232855000001 33.4280852)"
19,,18,,N/A,N/A,"LINESTRING (-111.9413012 33.43225, -111.93374765 33.43225)"
